<?xml version="1.0" encoding="utf-8" ?>
<!-- Copyright 2017 The Android Open Source Project

     Licensed under the Apache License, Version 2.0 (the "License");
     you may not use this file except in compliance with the License.
     You may obtain a copy of the License at

          http://www.apache.org/licenses/LICENSE-2.0

     Unless required by applicable law or agreed to in writing, software
     distributed under the License is distributed on an "AS IS" BASIS,
     WITHOUT WARRANTIES OR CONDITIONS OF ANY KIND, either express or implied.
     See the License for the specific language governing permissions and
     limitations under the License.
-->

<!-- Generated file for bullhead using measurements between OPR1.170623.011 and OPM1.170912.002 -->
<MediaCodecs>
    <!-- Measurements between OPR1.170623.010 and OPM1.170908.002 -->
    <Encoders>
        <MediaCodec name="OMX.qcom.video.encoder.h263" type="video/3gpp" update="true">
            <!-- measured 98%:101-511 med:187/183 variance:2.2 -->
            <Limit name="measured-frame-rate-176x144" range="181-256" /> <!-- N=118 -->
            <!-- measured 98%:165-490 med:241/235 FLAKY(118 - 490 < mx=495.3) -->
            <Limit name="measured-frame-rate-352x288" range="235-248" /> <!-- TWEAKED N=118 v98%=1.7 -->
            <Limit name="measured-frame-rate-704x576" range="128-128" /> <!-- N=114 v98%=1.4 -->
        </MediaCodec>
        <!-- Measurements between OPR1.170623.011 and OPM1.170908.002 -->
        <MediaCodec name="OMX.qcom.video.encoder.avc" type="video/avc" update="true">
            <Limit name="measured-frame-rate-320x240" range="212-255" /> <!-- N=118 v98%=1.9 (OPR1.170623.010-) -->
            <Limit name="measured-frame-rate-720x480" range="143-143" /> <!-- N=116 v98%=1.5 -->
            <Limit name="measured-frame-rate-1280x720" range="72-72" /> <!-- N=118 v98%=1.4 (OPR1.170623.010-) -->
            <Limit name="measured-frame-rate-1920x1080" range="37-37" /> <!-- N=116 v98%=1.3 -->
        </MediaCodec>
        <!-- Measurements between OPR1.170623.011 and OPM1.170908.002 -->
        <MediaCodec name="OMX.qcom.video.encoder.mpeg4" type="video/mp4v-es" update="true">
            <Limit name="measured-frame-rate-176x144" range="178-198" /> <!-- N=118 v98%=1.8 (OPR1.170623.010-) -->
            <Limit name="measured-frame-rate-352x288" range="199-199" /> <!-- N=116 v98%=1.2 -->
            <Limit name="measured-frame-rate-640x480" range="77-77" /> <!-- N=116 v98%=1.0 -->
        </MediaCodec>
        <MediaCodec name="OMX.qcom.video.encoder.vp8" type="video/x-vnd.on2.vp8" update="true">
            <Limit name="measured-frame-rate-320x180" range="112-112" /> <!-- N=118 v98%=1.1 -->
            <Limit name="measured-frame-rate-640x360" range="103-103" /> <!-- N=116 v98%=1.1 -->
            <Limit name="measured-frame-rate-1280x720" range="38-38" /> <!-- N=118 v98%=1.0 -->
            <Limit name="measured-frame-rate-1920x1080" range="15-15" /> <!-- N=112 v98%=1.1 (OPR1.170623.011-) -->
        </MediaCodec>
        <MediaCodec name="OMX.google.h263.encoder" type="video/3gpp" update="true">
            <Limit name="measured-frame-rate-176x144" range="230-230" /> <!-- N=118 v98%=1.3 -->
        </MediaCodec>
        <!-- Measurements between OPR1.170623.011 and OPM1.170908.002 -->
        <MediaCodec name="OMX.google.h264.encoder" type="video/avc" update="true">
            <Limit name="measured-frame-rate-320x240" range="234-234" /> <!-- N=116 v98%=1.4 -->
            <Limit name="measured-frame-rate-720x480" range="99-99" /> <!-- N=116 v98%=1.3 -->
            <Limit name="measured-frame-rate-1280x720" range="50-50" /> <!-- N=118 v98%=1.5 (OPR1.170623.010-) -->
            <Limit name="measured-frame-rate-1920x1080" range="19-20" /> <!-- N=116 v98%=1.3 -->
        </MediaCodec>
        <MediaCodec name="OMX.google.mpeg4.encoder" type="video/mp4v-es" update="true">
            <Limit name="measured-frame-rate-176x144" range="256-257" /> <!-- N=118 v98%=1.3 -->
        </MediaCodec>
        <MediaCodec name="OMX.google.vp8.encoder" type="video/x-vnd.on2.vp8" update="true">
            <Limit name="measured-frame-rate-320x180" range="99-99" /> <!-- N=116 v98%=1.0 (OPR1.170623.011-) -->
            <Limit name="measured-frame-rate-640x360" range="37-37" /> <!-- N=114 v98%=1.0 (OPR1.170623.009-) -->
            <Limit name="measured-frame-rate-1280x720" range="31-31" /> <!-- N=116 v98%=1.2 -->
            <Limit name="measured-frame-rate-1920x1080" range="14-14" /> <!-- N=118 v98%=1.3 -->
        </MediaCodec>
        <!-- Measurements between OPR1.170208.003 and OPM1.170908.002 -->
        <MediaCodec name="OMX.google.vp9.encoder" type="video/x-vnd.on2.vp9" update="true">
            <!-- measured 98%:86-119 med:107/107 N=76 FLAKY(mn=45.9 < 54 - 214) -->
            <Limit name="measured-frame-rate-320x180" range="107-107" /> <!-- v98%=1.2 -->
            <!-- measured 98%:14-45 med:43/41 N=74 -->
            <Limit name="measured-frame-rate-640x360" range="24-41" /> <!-- v98%=1.8 -->
            <!-- measured 98%:4-12 med:10/9 N=78 -->
            <Limit name="measured-frame-rate-1280x720" range="5-9" /> <!-- v98%=1.7 -->
        </MediaCodec>
    </Encoders>
    <Decoders>
        <MediaCodec name="OMX.qcom.video.decoder.h263" type="video/3gpp" update="true">
            <!-- measured 98%:500-737 med:673/673 N=98 -->
            <Limit name="measured-frame-rate-176x144" range="673-673" /> <!-- v98%=1.2 -->
            <Limit name="measured-frame-rate-352x288" range="640-640" /> <!-- N=100 v98%=1.2 -->
        </MediaCodec>
        <MediaCodec name="OMX.qcom.video.decoder.avc" type="video/avc" update="true">
            <Limit name="measured-frame-rate-320x240" range="382-382" /> <!-- N=100 v98%=1.1 -->
            <Limit name="measured-frame-rate-720x480" range="211-211" /> <!-- N=102 v98%=1.1 -->
            <Limit name="measured-frame-rate-1280x720" range="284-285" /> <!-- N=100 v98%=1.1 -->
            <Limit name="measured-frame-rate-1920x1080" range="141-141" /> <!-- N=100 v98%=1.1 -->
        </MediaCodec>
        <MediaCodec name="OMX.qcom.video.decoder.hevc" type="video/hevc" update="true">
            <Limit name="measured-frame-rate-352x288" range="410-411" /> <!-- N=100 v98%=1.2 -->
            <Limit name="measured-frame-rate-640x360" range="367-368" /> <!-- N=102 v98%=1.1 -->
            <Limit name="measured-frame-rate-720x480" range="331-331" /> <!-- N=102 v98%=1.1 -->
            <Limit name="measured-frame-rate-1280x720" range="374-374" /> <!-- N=100 v98%=1.2 -->
            <Limit name="measured-frame-rate-1920x1080" range="253-253" /> <!-- N=100 v98%=1.1 -->
            <Limit name="measured-frame-rate-3840x2160" range="43-43" /> <!-- N=102 v98%=1.0 -->
        </MediaCodec>
        <MediaCodec name="OMX.qcom.video.decoder.mpeg4" type="video/mp4v-es" update="true">
            <Limit name="measured-frame-rate-176x144" range="663-663" /> <!-- N=102 v98%=1.2 -->
            <Limit name="measured-frame-rate-480x360" range="567-567" /> <!-- N=102 v98%=1.1 -->
        </MediaCodec>
        <MediaCodec name="OMX.qcom.video.decoder.vp8" type="video/x-vnd.on2.vp8" update="true">
            <Limit name="measured-frame-rate-320x180" range="382-382" /> <!-- N=102 v98%=1.0 -->
            <!-- measured 98%:333-376 med:357/357 FLAKY(mn=0.5 < 179 - 714) -->
            <Limit name="measured-frame-rate-640x360" range="357-357" /> <!-- N=102 v98%=1.1 -->
            <Limit name="measured-frame-rate-1280x720" range="387-387" /> <!-- N=102 v98%=1.1 -->
            <Limit name="measured-frame-rate-1920x1080" range="248-248" /> <!-- N=102 v98%=1.0 -->
        </MediaCodec>
        <MediaCodec name="OMX.google.h263.decoder" type="video/3gpp" update="true">
            <!-- measured 98%:85-244 med:101/101 FLAKY(51 - 244 < mx=247.5) -->
            <Limit name="measured-frame-rate-176x144" range="101-124" /> <!-- TWEAKED N=100 v98%=1.7 -->
        </MediaCodec>
        <MediaCodec name="OMX.google.h264.decoder" type="video/avc" update="true">
            <Limit name="measured-frame-rate-320x240" range="327-327" /> <!-- N=100 v98%=1.1 -->
            <Limit name="measured-frame-rate-720x480" range="106-106" /> <!-- N=100 v98%=1.1 -->
            <Limit name="measured-frame-rate-1280x720" range="44-44" /> <!-- N=102 v98%=1.1 -->
            <Limit name="measured-frame-rate-1920x1080" range="18-18" /> <!-- N=102 v98%=1.3 -->
        </MediaCodec>
        <MediaCodec name="OMX.google.hevc.decoder" type="video/hevc" update="true">
            <Limit name="measured-frame-rate-352x288" range="270-270" /> <!-- N=100 v98%=1.4 -->
            <Limit name="measured-frame-rate-640x360" range="173-174" /> <!-- N=100 v98%=1.3 -->
            <Limit name="measured-frame-rate-720x480" range="165-165" /> <!-- N=102 v98%=1.2 -->
            <Limit name="measured-frame-rate-1280x720" range="63-63" /> <!-- N=102 v98%=1.2 -->
            <Limit name="measured-frame-rate-1920x1080" range="36-36" /> <!-- N=100 v98%=1.2 -->
        </MediaCodec>
        <MediaCodec name="OMX.google.mpeg4.decoder" type="video/mp4v-es" update="true">
            <Limit name="measured-frame-rate-176x144" range="119-154" /> <!-- N=102 v98%=1.8 -->
        </MediaCodec>
        <MediaCodec name="OMX.google.vp8.decoder" type="video/x-vnd.on2.vp8" update="true">
            <!-- measured 98%:305-939 med:332/333 FLAKY(166 - 940 < mx=956.9) -->
            <Limit name="measured-frame-rate-320x180" range="332-470" /> <!-- N=102 v98%=1.8 -->
            <!-- measured 90%:191-298 med:258/258 FLAKY(mn=105.9 < 129 - 516) -->
            <Limit name="measured-frame-rate-640x360" range="211-258" /> <!-- TWEAKED N=102 v90%=1.2 -->
            <!-- measured 98%:26-61 med:59/59 FLAKY(mn=25.3 < 26 - 118) -->
            <Limit name="measured-frame-rate-1280x720" range="50-59" /> <!-- TWEAKED N=122 v98%=1.5 (OPR1.170623.005-) -->
            <Limit name="measured-frame-rate-1920x1080" range="17-23" /> <!-- N=114 v98%=1.5 -->
        </MediaCodec>
        <MediaCodec name="OMX.google.vp9.decoder" type="video/x-vnd.on2.vp9" update="true">
            <Limit name="measured-frame-rate-320x180" range="281-322" /> <!-- N=100 v98%=1.6 -->
            <!-- measured 98%:104-305 med:121/121 FLAKY(61 - 306 < mx=317.3) -->
            <Limit name="measured-frame-rate-640x360" range="121-153" /> <!-- N=100 v98%=1.7 -->
            <Limit name="measured-frame-rate-1280x720" range="53-53" /> <!-- N=100 v98%=1.1 -->
            <Limit name="measured-frame-rate-1920x1080" range="33-33" /> <!-- N=100 v98%=1.1 -->
        </MediaCodec>
    </Decoders>
</MediaCodecs>
